2021-11-22 03:54:32,Milk - Homo,$97.73
2021-11-21 01:24:00,Scampi Tail,$61.83
2021-11-09 18:36:22,Daves Island Stinger,$87.51
2021-11-17 12:21:22,Yogurt - Raspberry 175 Gr,$26.36
2021-11-18 12:01:41,Ginger - Crystalized,$47.68
2021-11-07 01:22:38,Lettuce - Curly Endive,$84.42
2021-11-05 13:24:04,Tarragon - Fresh,$4.68
2021-11-07 20:17:57,Soup - Knorr French Onion,$12.09
2021-11-21 00:38:42,Momiji Oroshi Chili Sauce,$96.17
2021-11-10 02:40:48,Juice - Grapefruit 341 Ml,$62.05
2021-11-08 20:44:47,Bread Base - Toscano,$77.96
2021-11-15 06:27:59,Potatoes - Peeled,$29.29
2021-11-29 15:46:44,Puree - Blackcurrant,$78.37
2021-11-06 20:30:05,Veal - Inside,$76.45
2021-11-11 00:53:39,Cake - Cheese Cake 9 Inch,$77.54
2021-11-05 07:10:02,Arctic Char - Fresh Whole,$30.83
2021-11-07 20:06:57,Pastry - Chocolate Marble Tea,$36.46
2021-11-15 11:24:59,Catfish - Fillets,$22.57
2021-11-07 07:09:03,Butcher Twine 4r,$1.08
2021-11-23 10:43:36,True - Vue Containers,$88.70
2021-11-02 22:38:58,Arrowroot,$79.12
2021-11-19 03:53:10,Eel - Smoked,$90.74
2021-11-09 22:24:33,Relish,$65.44
2021-11-22 04:43:32,Sandwich Wrap,$91.85
2021-11-15 06:11:24,Wine - Pinot Noir Stoneleigh,$9.35
2021-11-22 16:05:13,Crackers - Trio,$8.48
2021-11-06 19:04:34,Onions - Spanish,$50.02
2021-11-02 18:49:45,Sword Pick Asst,$21.82
2021-11-24 11:09:21,Wine - Segura Viudas Aria Brut,$62.82
2021-11-24 10:36:54,Beer - Original Organic Lager,$10.63
2021-11-18 21:36:52,Tray - 12in Rnd Blk,$62.53
2021-11-28 06:47:12,Cake Circle Paprus,$39.64
2021-11-05 05:16:10,Soda Water - Club Soda 355 Ml,$9.14
2021-11-07 23:33:11,Bag Stand,$11.13
2021-11-23 05:17:12,Beer - Corona,$93.60
2021-11-08 06:59:14,Plasticspoonblack,$45.82
2021-11-19 19:30:36,Pasta - Lasagna Noodle Frozen,$93.56
2021-11-29 02:56:59,Cornish Hen,$74.96
2021-11-13 19:17:02,Brandy - Orange Mc Guiness,$17.61
2021-11-04 08:56:03,Veal - Provimi Inside,$91.37
2021-11-29 09:09:45,Chocolate - White,$78.17
2021-11-17 13:43:40,Versatainer Nc - 8288,$17.79
2021-11-12 16:55:24,Muffin Hinge - 211n,$10.21
2021-11-15 21:33:04,Island Oasis - Pina Colada,$19.62
2021-11-22 18:44:57,True - Vue Containers,$44.35
2021-11-24 04:09:36,Beer - Blue Light,$83.74
2021-11-24 11:20:34,Fenngreek Seed,$29.65
2021-11-18 06:09:11,Lamb - Leg Boneless,$7.00
2021-11-24 14:01:19,Cocoa Feuilletine,$87.86
2021-11-12 08:25:52,Beef - Kobe Striploin,$78.81
2021-11-03 18:24:10,Wine - Stoneliegh Sauvignon,$89.08
2021-11-07 08:10:57,Artichokes - Knobless White,$58.72
2021-11-24 07:56:46,Jolt Cola - Red Eye,$44.60
2021-11-27 20:28:40,Sauce - Fish 25 Ozf Bottle,$45.50
2021-11-18 16:36:43,Scallops - In Shell,$8.14
2021-11-27 09:44:02,Appetizer - Southwestern,$26.00
2021-11-07 02:36:37,Bread - Roll Soft White Round,$29.07
2021-11-16 06:57:08,Muffin - Mix - Bran And Maple 15l,$73.41
2021-11-24 08:09:16,Snails - Large Canned,$39.08
2021-11-17 00:25:14,Tumeric,$21.15
2021-11-07 14:54:22,Sugar - Icing,$11.84
2021-11-03 05:48:19,Wine - Fume Blanc Fetzer,$30.63
2021-11-24 07:53:43,Beer - Blue Light,$68.73
2021-11-29 05:03:55,Bread - Raisin Walnut Oval,$5.77
2021-11-04 03:42:28,Soup - Campbells Beef Noodle,$96.11
2021-11-27 11:23:19,Coke - Classic 355 Ml,$74.30
2021-11-25 18:20:36,Tea - Darjeeling Azzura,$3.04
2021-11-28 16:52:44,Beans - Kidney White,$96.82
2021-11-17 14:21:07,Veal - Provimi Inside,$34.54
2021-11-24 00:45:56,Pasta - Angel Hair,$8.67
2021-11-24 04:42:11,Vodka - Smirnoff,$30.03
2021-11-09 10:43:01,Cheese - Stilton,$38.77
2021-11-04 03:46:03,Beef - Tongue Fresh,$87.04
2021-11-02 17:32:33,Heavy Duty Dust Pan,$84.43
2021-11-12 04:00:13,Veal - Inside Round / Top Lean,$32.94
2021-11-01 00:15:19,Pepperoni Slices,$50.20
2021-11-13 02:44:37,Juice - Tomato 48 Oz,$22.39
2021-11-09 08:50:51,Wine - Port Late Bottled Vintage,$62.74
2021-11-17 15:54:53,Squid - Tubes / Tenticles 10/20,$11.01
2021-11-03 21:20:25,Lid - 16 Oz And 32 Oz,$33.55
2021-11-03 17:55:31,Pork - Liver,$88.27
2021-11-08 05:03:45,Sambuca - Ramazzotti,$64.10
2021-11-23 05:15:02,Lentils - Green Le Puy,$23.65
2021-11-15 16:11:57,Beef - Outside Round,$0.82
2021-11-23 13:58:31,Sobe - Tropical Energy,$61.13
2021-11-25 12:36:57,Mousse - Mango,$87.44
2021-11-20 07:33:24,Longos - Chicken Wings,$93.33
2021-11-29 09:13:00,Sauce - Salsa,$59.28
2021-11-24 22:18:35,Chips - Assorted,$58.94
2021-11-07 04:21:41,Sour Puss - Tangerine,$84.52
2021-11-20 08:57:55,Sausage - Meat,$88.28
2021-11-28 03:14:05,Bagelers - Cinn / Brown Sugar,$7.11
2021-11-19 15:05:06,Bar Special K,$23.34
2021-11-01 14:19:07,Walkers Special Old Whiskey,$78.63
2021-11-13 09:48:12,Eggplant Oriental,$62.27
2021-11-15 11:59:13,Water - Aquafina Vitamin,$35.09
2021-11-18 07:20:00,Veal - Knuckle,$48.95
2021-11-23 09:25:06,Pork - Belly Fresh,$55.51
2021-11-06 20:59:32,Mussels - Cultivated,$96.41
2021-11-19 19:21:32,Wine - Sauvignon Blanc Oyster,$84.39
2021-11-16 12:08:48,Bacardi Mojito,$82.82
2021-11-25 06:49:50,Flower - Carnations,$24.92
2021-11-16 04:31:08,Steampan - Foil,$20.06
2021-11-12 22:40:59,Wine - Magnotta - Cab Sauv,$16.15
2021-11-14 10:13:35,Cocoa Butter,$8.66
2021-11-15 10:33:50,Melon - Watermelon Seedless,$6.53
2021-11-09 01:02:59,Cinnamon - Ground,$99.30
2021-11-26 03:29:14,Wine - Peller Estates Late,$43.06
2021-11-20 16:15:53,Sprite - 355 Ml,$21.88
2021-11-21 14:00:10,Cookie Dough - Oatmeal Rasin,$56.78
2021-11-11 10:24:12,Pasta - Cheese / Spinach Bauletti,$22.98
2021-11-26 17:17:12,Wine - Fontanafredda Barolo,$64.88
2021-11-02 09:18:59,Pail For Lid 1537,$50.30
2021-11-14 02:21:06,Sterno - Chafing Dish Fuel,$11.13
2021-11-25 18:35:14,Taro Leaves,$80.59
2021-11-22 11:50:37,Hagen Daza - Dk Choocolate,$94.70
2021-11-17 07:05:04,Tarragon - Fresh,$97.79
2021-11-10 14:27:50,Scallops - 20/30,$66.46
2021-11-23 23:05:29,Turkey - Breast Smoked,$54.07
2021-11-22 02:09:19,Bread - White Epi Baguette,$29.46
2021-11-18 03:44:39,Tart - Pecan Butter Squares,$35.40
2021-11-03 17:09:30,Sambuca - Ramazzotti,$85.18
2021-11-13 19:41:06,Cocoa Butter,$73.18
2021-11-21 07:28:53,Cucumber - English,$89.52
2021-11-07 03:44:01,Wine - George Duboeuf Rose,$5.89
2021-11-26 05:48:27,Coke - Diet 355 Ml,$47.83
2021-11-12 20:13:09,Curry Paste - Green Masala,$60.37
2021-11-26 02:43:25,Propel Sport Drink,$91.48
2021-11-27 23:06:13,Trout - Rainbow Fresh,$4.95
2021-11-01 04:27:46,Basil - Dry Rubbed,$21.17
2021-11-29 02:30:01,Wine - Segura Viudas Aria Brut,$93.67
2021-11-21 07:45:38,Wine - Alsace Riesling Reserve,$12.33
2021-11-10 18:18:46,Flower - Commercial Bronze,$75.63
2021-11-12 02:52:56,Bread - Focaccia Quarter,$52.80
2021-11-06 17:45:33,Horseradish - Prepared,$23.03
2021-11-03 19:18:40,Butter Sweet,$23.15
2021-11-22 23:14:36,Lime Cordial - Roses,$1.03
2021-11-29 18:30:49,Tomatoes - Grape,$31.12
2021-11-02 07:57:51,Vermouth - White Cinzano,$3.30
2021-11-25 21:33:08,Eggroll,$42.37
2021-11-16 09:29:24,Wine - Harrow Estates Vidal,$98.74
2021-11-20 21:25:54,Basil - Thai,$38.52
2021-11-27 01:13:40,Potato - Sweet,$88.41
2021-11-28 08:33:25,Bread - Ciabatta Buns,$46.20
2021-11-13 12:55:32,Chocolate - Pistoles Lactee Milk,$96.70
2021-11-18 05:14:09,Rice - 7 Grain Blend,$26.40
2021-11-20 13:37:23,Sea Bass - Whole,$10.28
2021-11-02 19:38:10,Bacardi Breezer - Tropical,$85.66
2021-11-21 16:27:56,Carbonated Water - White Grape,$57.92
2021-11-25 02:10:29,Cheese - Havarti Roasted Garlic,$63.48
2021-11-02 07:03:01,Wine - Alsace Gewurztraminer,$81.77
2021-11-04 00:09:29,Wakami Seaweed,$26.21
2021-11-11 13:49:22,Tart Shells - Sweet 4,$23.72
2021-11-17 15:19:02,Rabbit - Frozen,$49.16
2021-11-09 05:18:12,Lentils - Red Dry,$55.19
2021-11-29 01:15:52,Bread - Hamburger Buns,$80.20
2021-11-06 14:34:33,Wine - Magnotta - Red Baco,$62.84
2021-11-23 15:58:21,Pasta - Spaghetti Dry,$67.81
2021-11-07 16:24:43,Cake - Bande Of Fruit,$86.01
2021-11-11 19:41:55,Wine - Pinot Noir Stoneleigh,$94.02
2021-11-27 05:08:00,Veal - Sweetbread,$60.12
2021-11-26 20:29:54,Rosemary - Primerba Paste,$29.17
2021-11-01 00:22:01,Cinnamon - Ground,$52.65
2021-11-18 09:25:46,Veal - Liver,$93.67
2021-11-25 10:23:05,Cheese - Cottage Cheese,$59.85
2021-11-28 10:43:58,Muffin Mix - Carrot,$11.53
2021-11-13 08:59:22,Sugar - Splenda Sweetener,$8.24
2021-11-05 21:04:20,Lamb - Shanks,$0.84
2021-11-04 08:18:46,Mustard - Dijon,$46.77
2021-11-20 15:30:17,Muffin - Banana Nut Individual,$14.04
2021-11-26 17:38:11,Worcestershire Sauce,$29.40
2021-11-06 14:42:05,Rosemary - Dry,$61.90
2021-11-10 13:32:49,Soupcontfoam16oz 116con,$55.80
2021-11-25 00:56:01,Beer - Tetleys,$65.59
2021-11-09 01:12:34,Cup Translucent 9 Oz,$36.94
2021-11-15 08:38:44,Clementine,$95.76
2021-11-15 15:19:13,Squid Ink,$57.30
2021-11-09 13:39:50,Soup - Knorr French Onion,$25.40
2021-11-15 16:44:58,Apple - Delicious Golden,$57.72
2021-11-08 02:02:55,Steam Pan - Half Size Deep,$11.54
2021-11-25 04:52:33,Chicken - Leg Fresh,$21.46
2021-11-03 01:36:26,Sprite - 355 Ml,$58.08
2021-11-21 01:18:27,Yogurt - Plain,$82.64
2021-11-07 01:45:33,Sauce - Chili,$31.93
2021-11-14 01:02:13,Oil - Grapeseed Oil,$68.83
2021-11-14 09:12:16,Tomatoes - Vine Ripe Red,$2.90
2021-11-20 03:10:36,Wine - Pinot Noir Mondavi Coastal,$36.17
2021-11-25 08:10:35,The Pop Shoppe - Root Beer,$86.16
2021-11-29 11:46:31,Beef - Rib Roast Cap On,$16.14
2021-11-08 05:10:46,Pork - Suckling Pig,$9.61
2021-11-18 20:24:30,Juice - Lime,$69.22
2021-11-21 02:11:35,Bag - Clear 7 Lb,$47.61
2021-11-17 00:41:39,Cattail Hearts,$86.05
2021-11-19 06:12:30,Beef Tenderloin Aaa,$53.86
2021-11-02 16:53:18,French Pastries,$41.46
2021-11-20 12:30:17,Wine - Magnotta - Pinot Gris Sr,$32.29
2021-11-24 07:11:01,Langers - Cranberry Cocktail,$52.31
2021-11-06 11:40:40,Crackers - Soda / Saltins,$69.42
2021-11-04 08:08:59,Eggplant - Asian,$51.83
2021-11-13 14:18:33,Nescafe - Frothy French Vanilla,$96.65
2021-11-02 02:06:01,Carrots - Mini Stem On,$39.70
2021-11-05 14:35:49,Wine - White Schroder And Schyl,$33.69
2021-11-22 04:43:43,Squid Ink,$47.49
2021-11-02 01:41:16,Wine - Chateau Timberlay,$63.04
2021-11-21 21:32:30,Sugar - Cubes,$25.23
2021-11-14 14:05:24,Cheese - Feta,$10.68
2021-11-26 17:35:58,Island Oasis - Pina Colada,$54.42
2021-11-21 05:30:35,Sausage - Chorizo,$5.13
2021-11-24 01:58:33,Eggplant Oriental,$82.48
2021-11-09 22:51:22,Potatoes - Peeled,$27.99
2021-11-04 15:05:58,Soup - Base Broth Chix,$9.08
2021-11-02 01:35:44,Yams,$8.05
2021-11-08 22:52:38,Eggplant - Baby,$2.00
2021-11-14 02:10:26,Pasta - Rotini Dry,$82.09
2021-11-07 01:14:33,Bacardi Breezer - Strawberry,$88.46
2021-11-29 05:30:42,Graham Cracker Mix,$23.82
2021-11-07 19:47:28,Blouse / Shirt / Sweater,$45.76
2021-11-29 18:22:32,Cleaner - Bleach,$2.55
2021-11-17 22:29:19,Snapple - Iced Tea Peach,$69.70
2021-11-10 07:12:25,Corn Shoots,$39.96
2021-11-22 12:52:17,Savory,$10.82
2021-11-09 11:56:04,Cardamon Seed / Pod,$35.17
2021-11-27 15:22:24,Wine - Jaboulet Cotes Du Rhone,$47.58
2021-11-02 01:20:22,Wine - Jafflin Bourgongone,$14.57
2021-11-05 04:03:06,Cake - Night And Day Choclate,$31.70
2021-11-25 05:01:03,Urban Zen Drinks,$37.66
2021-11-25 04:41:10,Cardamon Ground,$28.24
2021-11-16 15:04:20,Beans - Kidney Red Dry,$38.59
2021-11-03 07:54:31,Lobster - Canned Premium,$21.81
2021-11-10 19:12:05,Kaffir Lime Leaves,$89.17
2021-11-17 17:21:08,Muffin Mix - Raisin Bran,$4.51
2021-11-22 08:15:39,Pizza Pizza Dough,$5.94
2021-11-23 04:28:00,Couscous,$40.05
2021-11-18 05:04:51,Ecolab - Balanced Fusion,$13.83
2021-11-08 11:13:55,Grapes - Black,$1.46
2021-11-13 18:54:01,Sauce - Sesame Thai Dressing,$79.68
2021-11-18 13:04:07,Shichimi Togarashi Peppeers,$37.54
2021-11-17 05:44:57,Squeeze Bottle,$96.84
2021-11-29 12:02:15,Onion - Dried,$96.70
2021-11-23 15:21:04,Lettuce - Escarole,$53.22
2021-11-03 04:23:58,Fondant - Icing,$13.97
2021-11-05 19:35:28,Mushroom - Enoki Dry,$68.94
2021-11-24 08:49:34,Sage - Rubbed,$75.48
2021-11-20 23:32:20,Frangelico,$29.38
2021-11-21 17:04:10,Juice - Orangina,$42.70
2021-11-22 03:06:42,Wine - Barolo Fontanafredda,$89.64
2021-11-01 23:20:53,Crab - Back Fin Meat Canned,$26.83
2021-11-03 03:06:27,Tea - Camomele,$34.15
2021-11-25 05:27:52,Sauce - Soy Low Sodium - 3.87l,$87.50
2021-11-06 11:53:16,Ecolab Silver Fusion,$69.78
2021-11-09 20:17:16,Pork - European Side Bacon,$76.91
2021-11-26 07:45:44,Tahini Paste,$57.45
2021-11-02 22:24:00,Milk - Chocolate 250 Ml,$94.39
2021-11-10 13:34:04,Clams - Bay,$49.68
2021-11-04 22:52:02,Bag - Clear 7 Lb,$42.55
2021-11-29 10:40:29,Beef - Cow Feet Split,$94.89
2021-11-29 11:41:25,Mustard - Pommery,$26.71
2021-11-15 07:43:02,Wine - Ej Gallo Sonoma,$13.26
2021-11-15 06:36:49,Bread - Assorted Rolls,$36.89
2021-11-08 12:01:25,Figs,$96.48
2021-11-06 14:47:38,Oil - Avocado,$26.07
2021-11-14 09:44:29,Club Soda - Schweppes 355 Ml,$89.70
2021-11-10 02:42:00,Isomalt,$11.58
2021-11-15 14:29:44,Pasta - Cheese / Spinach Bauletti,$52.46
2021-11-07 03:32:46,Cheese - Blue,$9.02
2021-11-10 16:56:27,Table Cloth 72x144 White,$85.29
2021-11-13 03:30:16,Oats Large Flake,$0.52
2021-11-22 07:00:26,Wiberg Cure,$15.92
2021-11-02 17:26:55,Beef - Inside Round,$98.61
2021-11-10 12:28:30,Wiberg Cure,$24.96
2021-11-07 00:15:42,Squash - Acorn,$78.22
2021-11-07 10:17:55,Leeks - Large,$81.96
2021-11-09 14:08:52,Bagel - Sesame Seed Presliced,$58.18
2021-11-03 07:18:04,Beer - Upper Canada Lager,$72.14
2021-11-26 17:20:00,Water - Perrier,$37.20
2021-11-07 03:38:08,Lamb - Leg Boneless,$92.71
2021-11-17 07:31:47,Tia Maria,$7.91
2021-11-28 08:44:05,Chocolate - Milk Coating,$28.35
2021-11-26 19:04:09,Wine - Red Cabernet Merlot,$14.81
2021-11-19 19:27:33,Sauce - Soy Low Sodium - 3.87l,$86.45
2021-11-13 20:50:48,Chinese Foods - Cantonese,$6.37
2021-11-09 07:48:30,Fennel - Seeds,$82.09
2021-11-08 13:58:54,Papadam,$18.88
2021-11-02 18:45:06,Sauce - White Mix,$63.83
2021-11-29 23:28:39,Beef Dry Aged Tenderloin Aaa,$30.84
2021-11-23 07:51:20,Sauce - Vodka Blush,$89.47
2021-11-15 18:36:55,Cheese - Gouda Smoked,$59.40
2021-11-20 13:06:45,Lamb - Whole Frozen,$82.19
2021-11-03 23:02:17,Garam Masala Powder,$24.97
2021-11-21 15:44:54,Smoked Paprika,$2.95
2021-11-26 20:23:18,Isomalt,$68.10
2021-11-18 21:36:10,Pasta - Linguini Dry,$75.83
2021-11-19 10:40:46,Tomatoes - Heirloom,$94.96
2021-11-03 10:27:04,Bar - Sweet And Salty Chocolate,$55.19
2021-11-04 23:28:12,Goat - Leg,$80.45
2021-11-18 15:23:27,Pate - Cognac,$68.05
2021-11-17 16:13:14,Cheese - Swiss Sliced,$72.89
2021-11-06 23:54:32,Quail - Whole Bone - In,$57.39
2021-11-09 02:05:49,Bread Sour Rolls,$23.81
2021-11-21 19:14:42,Lid - Translucent 3.5 And 6 Oz,$35.45
2021-11-21 19:06:09,Appetizer - Seafood Assortment,$88.39
2021-11-26 05:55:09,Nut - Chestnuts Whole,$5.10
2021-11-05 22:03:12,Wine - White Ej,$33.53
2021-11-10 07:24:29,Peas - Pigeon Dry,$6.05
2021-11-29 03:07:06,Tortillas - Flour 12,$28.24
2021-11-06 08:56:54,Chocolate - Milk,$46.17
2021-11-02 08:51:34,Food Colouring - Green,$37.66
2021-11-17 10:54:36,Sardines,$78.16
2021-11-07 18:26:54,Beef - Bones Marrow,$11.61
2021-11-20 21:34:06,Bread - Petit Baguette,$60.93
2021-11-14 16:54:32,Plasticknivesblack,$16.48
2021-11-19 06:17:19,Ginger - Pickled,$39.69
2021-11-19 12:51:42,Lemonade - Strawberry 591 Ml,$67.85
2021-11-15 18:11:23,Shrimp Dried Small / Lb,$50.29
2021-11-29 00:41:58,Limes,$0.41
2021-11-06 11:49:40,Tabasco Sauce 2 Oz,$8.81
2021-11-01 12:30:42,Lentils - Red Dry,$19.66
2021-11-13 18:10:34,Island Oasis - Cappucino Mix,$10.24
2021-11-06 10:28:31,Wild Boar - Tenderloin,$0.01
2021-11-02 15:03:15,Eel - Smoked,$19.05
2021-11-23 17:19:26,Squash - Guords,$53.37
2021-11-28 13:30:37,Salt - Table,$34.57
2021-11-09 08:07:20,Shortbread - Cookie Crumbs,$42.22
2021-11-07 06:10:44,Veal - Bones,$98.10
2021-11-26 05:27:39,Beef - Ox Tongue,$22.85
2021-11-06 08:44:52,Lettuce - Iceberg,$70.96
2021-11-20 10:42:26,7up Diet 355 Ml,$20.31
2021-11-21 17:13:58,Muffin Batt - Carrot Spice,$49.93
2021-11-04 23:40:05,Pear - Asian,$40.57
2021-11-17 10:51:38,Wine - Mondavi Coastal Private,$25.68
2021-11-08 01:56:57,Dried Apple,$58.22
2021-11-28 20:38:28,Beef - Flank Steak,$83.79
2021-11-04 03:35:33,Greens Mustard,$65.41
2021-11-14 01:20:07,Wine - Prosecco Valdobienne,$24.52
2021-11-16 04:24:45,Table Cloth 54x72 White,$27.72
2021-11-16 03:05:56,Bread - Dark Rye Loaf,$70.12
2021-11-10 14:32:37,Wine - Soave Folonari,$2.49
2021-11-08 14:43:28,Puree - Passion Fruit,$30.17
2021-11-17 20:05:29,Banana Turning,$52.95
2021-11-16 10:38:13,Cornflakes,$56.18
2021-11-06 08:40:00,Apple - Fuji,$8.92
2021-11-06 11:42:20,Wine - Ej Gallo Sierra Valley,$47.22
2021-11-16 00:06:39,Sauce - Sesame Thai Dressing,$42.00
2021-11-04 05:38:36,Tarragon - Fresh,$42.24
2021-11-18 07:22:13,Pasta - Fettuccine Egg Fresh,$61.90
2021-11-25 06:20:28,Pepper - Black Crushed,$14.66
2021-11-29 16:43:23,Lamb - Sausage Casings,$79.93
2021-11-16 04:26:31,Wine - Pinot Noir Mondavi Coastal,$54.97
2021-11-01 10:39:19,Lighter - Bbq,$39.44
2021-11-22 15:10:56,Veal - Striploin,$87.93
2021-11-01 16:18:47,Lamb - Shoulder Boneless,$9.98
2021-11-10 19:58:49,Butter - Unsalted,$39.29
2021-11-07 12:49:08,Grand Marnier,$45.55
2021-11-10 23:43:06,Oregano - Dry Rubbed,$52.31
2021-11-09 17:04:27,Wine - Chablis 2003 Champs,$38.59
2021-11-14 19:40:59,Chutney Sauce - Mango,$27.62
2021-11-14 01:41:54,Wine - Chateauneuf Du Pape,$3.73
2021-11-15 06:49:19,Marjoram - Dried Rubbed,$47.83
2021-11-25 23:47:23,Pears - Fiorelle,$37.71
2021-11-14 03:10:34,Pork - Smoked Back Bacon,$44.99
2021-11-22 11:25:50,Pasta - Angel Hair,$65.31
2021-11-20 19:38:59,Wine - White Ej Gallo,$75.19
2021-11-16 16:43:40,Soup Campbells - Italian Wedding,$55.84
2021-11-18 09:18:13,Nut - Macadamia,$79.22
2021-11-13 16:19:32,Red Snapper - Fillet Skin On,$26.65
2021-11-19 09:41:15,Wine - Cabernet Sauvignon,$77.65
2021-11-15 17:32:16,Bread - Crusty Italian Poly,$99.05
2021-11-24 13:49:34,Garbag Bags - Black,$92.51
2021-11-24 12:08:12,Pepper - Chilli Seeds Mild,$48.95
2021-11-26 08:34:05,Cakes Assorted,$43.41
2021-11-08 15:08:40,Cheese - Havarti Roasted Garlic,$22.29
2021-11-03 17:13:54,Juice - Orangina,$92.02
2021-11-05 13:38:43,Wood Chips - Regular,$24.67
2021-11-27 01:19:37,Sprouts - Onion,$7.17
2021-11-17 21:53:55,Garbag Bags - Black,$71.98
2021-11-11 15:46:24,Island Oasis - Ice Cream Mix,$5.94
2021-11-26 07:52:19,Bagels Poppyseed,$12.54
2021-11-06 02:12:29,Rice - Aborio,$89.56
2021-11-28 00:25:44,Capon - Breast Double Wing On,$67.40
2021-11-18 12:51:40,Syrup - Monin - Blue Curacao,$84.70
2021-11-01 21:19:45,Crackers - Graham,$15.54
2021-11-12 17:55:02,Pineapple - Regular,$73.10
2021-11-21 00:55:59,Bread - Pumpernickle Rounds,$26.37
2021-11-16 22:03:36,Milk - 1%,$22.45
2021-11-03 01:56:38,Bagelers - Cinn / Brown Sugar,$56.51
2021-11-04 16:02:23,Cheese - Montery Jack,$88.87
2021-11-17 18:04:02,Breadfruit,$55.49
2021-11-11 04:22:22,Pork - Backfat,$39.94
2021-11-09 09:29:37,Sauce - Hollandaise,$99.74
2021-11-02 20:01:01,Brandy - Bar,$76.76
2021-11-14 02:00:15,Fond - Chocolate,$72.60
2021-11-15 12:02:49,Sauce - Soya Light,$62.89
2021-11-09 18:43:51,Bacardi Mojito,$42.81
2021-11-02 20:28:02,Pur Value,$81.15
2021-11-16 13:33:46,Ice Cream Bar - Drumstick,$87.66
2021-11-16 03:59:34,Chicken - Thigh Bone In,$31.17
2021-11-11 22:10:34,Chips - Doritos,$17.46
2021-11-28 04:51:49,Onions - Green,$13.26
2021-11-23 13:00:07,Island Oasis - Magarita Mix,$1.26
2021-11-11 12:05:34,Chips - Doritos,$0.05
2021-11-23 23:47:16,C - Plus Orange,$99.62
2021-11-25 12:46:34,Chicken - Leg Fresh,$19.41
2021-11-17 18:36:27,Bag - Bread White Plain,$84.93
2021-11-09 02:03:00,Slt - Individual Portions,$96.19
2021-11-03 09:29:29,Bag - Regular Kraft 20 Lb,$30.35
2021-11-08 14:00:59,Bread Base - Goodhearth,$56.21
2021-11-14 09:23:56,Oats Large Flake,$99.41
2021-11-13 17:27:07,Sachet,$5.50
2021-11-24 00:45:16,Sour Puss - Tangerine,$1.59
2021-11-22 19:29:46,Wine - White Pelee Island,$92.27
2021-11-01 23:10:33,Salmon Atl.whole 8 - 10 Lb,$89.00
2021-11-15 11:56:26,Salad Dressing,$69.47
2021-11-01 03:06:49,Pears - Bosc,$33.60
2021-11-18 00:17:36,Salmon - Atlantic Fresh Whole,$6.82
2021-11-01 10:49:41,Cheese - Comtomme,$91.52
2021-11-24 01:23:15,Mangostein,$67.34
2021-11-06 12:53:15,Muskox - French Rack,$43.86
2021-11-18 14:33:56,Steampan - Foil,$64.36
2021-11-15 08:12:55,Capers - Ox Eye Daisy,$44.88
2021-11-09 06:46:32,Cream - 35%,$2.98
2021-11-04 10:28:03,Chocolate Liqueur - Godet White,$21.40
2021-11-09 17:28:30,Tamarind Paste,$25.75
2021-11-16 08:01:05,Turnip - Wax,$42.80
2021-11-14 11:50:47,Bread - Roll Calabrese,$32.72
2021-11-22 14:51:08,Taro Leaves,$93.92
2021-11-22 04:11:12,Pail - 4l White With Handle,$31.41
2021-11-23 03:04:22,Dates,$94.83
2021-11-09 21:26:21,Pear - Halves,$19.52
2021-11-12 05:12:07,Urban Zen Drinks,$0.42
2021-11-11 05:34:56,Wine - Zinfandel California 2002,$19.63
2021-11-29 13:05:58,Sugar - Monocystal / Rock,$27.00
2021-11-10 11:41:00,Pie Filling - Cherry,$92.31
2021-11-05 17:28:01,Brandy Cherry - Mcguinness,$45.70
2021-11-25 19:25:59,Ecolab Silver Fusion,$48.48
2021-11-01 05:36:41,Mix Pina Colada,$93.37
2021-11-09 20:58:03,Cinnamon - Stick,$13.32
2021-11-06 02:10:51,Pastry - Chocolate Marble Tea,$71.24
2021-11-11 01:47:56,Long Island Ice Tea,$94.53
2021-11-28 16:19:57,Table Cloth 144x90 White,$41.87
2021-11-02 00:10:49,Heavy Duty Dust Pan,$55.28
2021-11-02 18:38:35,Soup - Base Broth Chix,$53.87
2021-11-21 21:33:28,Bols Melon Liqueur,$57.51
2021-11-17 11:14:56,Pork - Suckling Pig,$82.25
2021-11-18 14:54:52,Puree - Blackcurrant,$55.35
2021-11-11 02:59:48,Table Cloth - 53x69 Colour,$9.95
2021-11-04 15:57:38,Sauce - Fish 25 Ozf Bottle,$24.62
2021-11-08 01:47:23,Carbonated Water - Blackberry,$21.46
2021-11-25 21:22:24,Cheese - Sheep Milk,$41.07
2021-11-14 14:47:25,Carbonated Water - Orange,$20.34
2021-11-24 04:52:26,Muffin Mix - Lemon Cranberry,$63.75
2021-11-29 18:45:08,Bread Sour Rolls,$12.46
2021-11-02 01:58:27,Sobe - Orange Carrot,$3.43
2021-11-03 01:04:16,Beer - Blue Light,$25.27
2021-11-27 05:36:58,Cheese - Cambozola,$14.04
2021-11-03 02:05:09,Lady Fingers,$0.36
2021-11-17 04:40:38,Bread - French Stick,$28.53
2021-11-27 01:13:49,Flour - Masa De Harina Mexican,$2.87
2021-11-07 11:39:42,Wine - Savigny - Les - Beaune,$72.21
2021-11-07 09:42:03,Appetizer - Crab And Brie,$78.79
2021-11-17 11:00:22,Butcher Twine 4r,$73.09
2021-11-25 16:49:45,Goat - Leg,$61.23
2021-11-12 17:54:39,Flour - So Mix Cake White,$1.60
2021-11-26 11:57:13,Versatainer Nc - 8288,$27.37
2021-11-28 10:32:14,Chips - Potato Jalapeno,$47.04
2021-11-20 00:42:26,Beans - French,$68.55
2021-11-29 13:23:02,Sauce - Apple Unsweetened,$73.34
2021-11-24 14:52:20,Sea Urchin,$22.04
2021-11-04 23:01:34,Capon - Whole,$55.20
2021-11-12 02:06:05,Chicken - Base,$34.88
2021-11-06 05:37:49,Syrup - Monin Irish Cream,$44.32
2021-11-28 22:54:50,Syrup - Monin - Passion Fruit,$4.03
2021-11-11 23:01:19,Soup - Clam Chowder Dry Mix,$98.76
2021-11-07 17:13:51,Eggroll,$59.41
2021-11-28 22:43:41,Pasta - Ravioli,$78.72
2021-11-21 18:25:13,Basil - Dry Rubbed,$44.53
2021-11-26 12:15:00,Skirt - 24 Foot,$73.09
2021-11-11 03:44:40,Coconut - Creamed Pure,$34.41
2021-11-21 15:41:42,Mackerel Whole Fresh,$63.04
2021-11-16 03:51:41,Cheese - Feta,$48.32
2021-11-07 21:44:35,Dill Weed - Fresh,$44.40
2021-11-13 05:04:20,Leeks - Large,$83.69
2021-11-24 08:51:23,Daves Island Stinger,$82.34
2021-11-26 16:28:28,Ecolab - Hobart Washarm End Cap,$58.78
2021-11-20 14:18:52,Table Cloth 53x53 White,$56.41
2021-11-14 16:16:10,Truffle Cups - White Paper,$36.53
2021-11-05 19:15:38,Tomatoes - Grape,$67.08
2021-11-25 01:58:19,Beef - Flank Steak,$92.75
2021-11-28 03:31:49,Wine - Zinfandel California 2002,$45.07
2021-11-28 09:00:45,Liners - Baking Cups,$84.75
2021-11-16 21:13:50,Sparkling Wine - Rose Freixenet,$70.69
2021-11-14 00:13:05,Beef - Rib Roast Cap On,$79.18
2021-11-08 01:43:16,Crab - Soft Shell,$79.16
2021-11-20 12:44:46,Pork - Baconback Peameal,$66.85
2021-11-10 16:56:08,Wine - Lou Black Shiraz,$60.98
2021-11-02 00:15:34,Cape Capensis - Fillet,$88.27
2021-11-25 02:27:51,Vaccum Bag - 14x20,$38.49
2021-11-01 07:18:02,Wine - Ruffino Chianti Classico,$60.20
2021-11-09 18:36:17,Cake - Dulce De Leche,$60.81
2021-11-05 00:23:29,Langers - Mango Nectar,$49.35
2021-11-16 11:24:18,Crab - Meat,$36.34
2021-11-28 02:59:10,Tart - Lemon,$17.39
2021-11-14 09:42:10,Juice - Ocean Spray Kiwi,$86.65
2021-11-07 22:10:07,Bread - Multigrain Loaf,$87.42
2021-11-17 15:46:12,Wine - Magnotta - Cab Sauv,$17.50
2021-11-21 01:28:35,Bread Foccacia Whole,$85.53
2021-11-20 01:49:24,Container - Clear 16 Oz,$19.29
2021-11-01 12:27:53,Nut - Pecan Halves,$27.35
2021-11-15 11:18:55,Bread - Pumpernickel,$28.50
2021-11-12 04:53:27,Wine - Chianti Classica Docg,$10.32
2021-11-07 13:34:17,Cake - Box Window 10x10x2.5,$88.54
2021-11-24 22:22:06,Cheese - Ricotta,$34.00
2021-11-20 01:33:42,Wine - Red Marechal Foch,$32.33
2021-11-04 18:00:01,Wine - Blue Nun Qualitatswein,$84.16
2021-11-09 14:19:15,Gatorade - Orange,$1.84
2021-11-18 20:44:16,Wine - Rosso Del Veronese Igt,$7.62
2021-11-02 21:45:59,Doilies - 12 Paper,$69.89
2021-11-10 18:57:59,Sour Puss Sour Apple,$39.47
2021-11-09 22:26:07,Wine - Fontanafredda Barolo,$14.61
2021-11-24 14:10:34,Milk - Buttermilk,$7.87
2021-11-08 11:55:42,Stock - Chicken White,$8.53
2021-11-17 08:14:58,Soup - Knorr Chicken Gumbo,$90.98
2021-11-23 22:16:07,Wine - Shiraz South Eastern,$57.13
2021-11-15 03:34:54,Sea Bass - Whole,$27.89
2021-11-12 08:45:24,Scallop - St. Jaques,$27.54
2021-11-28 23:16:44,Beef - Ground Medium,$63.64
2021-11-26 12:33:26,Cheese - Cambozola,$37.21
2021-11-05 21:46:42,Bread - Pita,$11.83
2021-11-01 05:28:42,Thermometer Digital,$44.47
2021-11-09 13:20:30,Sambuca - Ramazzotti,$58.75
2021-11-25 21:15:27,Cherries - Frozen,$87.98
2021-11-22 00:38:21,Ecolab - Power Fusion,$17.96
2021-11-27 14:24:13,Lemon Pepper,$38.31
2021-11-06 08:49:53,Table Cloth 54x54 White,$69.59
2021-11-27 18:13:49,Cocktail Napkin Blue,$78.86
2021-11-26 09:04:35,Flower - Daisies,$49.46
2021-11-23 23:53:54,Flour - So Mix Cake White,$33.58
2021-11-04 17:13:48,Pastry - Baked Cinnamon Stick,$21.63
2021-11-28 05:24:04,Wine - White Pinot Grigio,$76.58
2021-11-03 18:27:19,Mushroom - King Eryingii,$23.21
2021-11-18 10:04:14,Oil - Olive,$72.83
2021-11-03 07:26:51,Knife Plastic - White,$53.37
2021-11-11 04:28:18,Remy Red Berry Infusion,$80.77
2021-11-15 07:46:50,Veal - Sweetbread,$78.23
2021-11-17 06:09:59,Pastry - Chocolate Chip Muffin,$34.90
2021-11-10 05:14:14,Rice - 7 Grain Blend,$15.52
2021-11-25 02:40:10,Spoon - Soup Plastic,$54.77
2021-11-06 15:29:16,Tahini Paste,$35.53
2021-11-11 16:43:46,Bread - 10 Grain,$41.59
2021-11-29 13:38:18,Beans - Kidney White,$67.39
2021-11-03 13:54:13,Bread - Bagels Plain,$46.33
2021-11-22 09:36:06,Chocolate - Pistoles Lactee Milk,$98.87
2021-11-03 20:14:34,Pepper - Green Chili,$32.63
2021-11-17 13:29:10,Soup - Campbells Cream Of,$49.52
2021-11-08 09:39:30,Ecolab Silver Fusion,$74.62
2021-11-14 16:57:42,Pear - Asian,$53.28
2021-11-16 11:39:04,Cheese - Asiago,$1.70
2021-11-12 16:28:36,Wine - Red Wolf Blass Yellow,$99.83
2021-11-16 04:25:43,Flour - Chickpea,$50.83
2021-11-20 05:14:21,Syrup - Monin Swiss Choclate,$9.08
2021-11-29 09:22:59,Coffee - Almond Amaretto,$71.57
2021-11-05 14:32:35,Potatoes - Mini White 3 Oz,$46.69
2021-11-19 13:15:03,Chick Peas - Canned,$82.21
2021-11-18 19:06:54,Soup - Campbells Broccoli,$75.19
2021-11-05 17:14:02,Onions - Vidalia,$28.63
2021-11-07 07:59:08,Nut - Hazelnut Ground Natural,$97.56
2021-11-17 23:27:52,Pur Value,$9.47
2021-11-17 09:04:50,Pastry - Plain Baked Croissant,$99.47
2021-11-03 07:11:49,Bread Crumbs - Panko,$2.86
2021-11-10 20:18:02,Dried Figs,$5.21
2021-11-27 14:12:07,Venison - Liver,$47.32
2021-11-17 04:42:13,Sauce - Marinara,$55.79
2021-11-15 00:49:11,Plaintain,$23.34
2021-11-19 15:47:39,Tray - 12in Rnd Blk,$57.48
2021-11-26 17:50:17,Nut - Pumpkin Seeds,$82.21
2021-11-19 17:33:17,Cookies - Englishbay Oatmeal,$54.46
2021-11-18 20:27:14,Squash - Guords,$79.57
2021-11-13 13:28:38,Pork - Belly Fresh,$82.49
2021-11-01 15:16:15,Onions - Spanish,$68.46
2021-11-15 15:23:26,Cheese - Oka,$82.06
2021-11-23 01:41:38,Wine - Clavet Saint Emilion,$47.24
2021-11-27 03:04:35,Longos - Chicken Cordon Bleu,$60.23
2021-11-02 05:23:47,Table Cloth 62x120 Colour,$28.54
2021-11-21 10:45:08,Ice - Clear 300 Lb For Carving,$34.32
2021-11-09 04:58:37,Ice Cream - Chocolate,$33.37
2021-11-22 06:47:09,Food Colouring - Red,$32.16
2021-11-10 05:36:19,Sparkling Wine - Rose Freixenet,$54.46
2021-11-28 05:52:49,Tea - Honey Green Tea,$5.14
2021-11-02 17:37:19,Soup Campbells Mexicali Tortilla,$53.17
2021-11-28 13:21:49,Tendrils - Baby Pea Organic,$13.37
2021-11-05 02:37:19,Smoked Tongue,$26.66
2021-11-05 14:59:10,Wine - Rosso Toscano Igt,$63.17
2021-11-26 20:46:56,Milk - Chocolate 250 Ml,$7.40
2021-11-01 18:17:41,Bread - White Mini Epi,$42.31
2021-11-27 09:55:59,Easy Off Oven Cleaner,$59.15
2021-11-12 03:57:40,Split Peas - Green Dry,$63.53
2021-11-19 15:21:36,Pasta - Cappellini Dry,$28.88
2021-11-16 22:11:45,Appetizer - Asian Shrimp Roll,$75.67
2021-11-22 02:47:10,Bread Roll Foccacia,$44.18
2021-11-22 12:54:52,Sugar - Icing,$86.32
2021-11-07 09:24:36,Russian Prince,$20.98
2021-11-25 22:41:19,Wine - Cahors Ac 2000 Clos,$29.64
2021-11-13 02:05:33,Muffin Mix - Lemon Cranberry,$82.83
2021-11-16 06:58:50,Wine - Lamancha Do Crianza,$36.87
2021-11-04 20:49:16,Veal - Sweetbread,$50.31
2021-11-10 08:47:04,Tray - 16in Rnd Blk,$9.92
2021-11-11 23:28:00,Okra,$65.74
2021-11-03 00:35:04,Sauce - Cranberry,$92.00
2021-11-22 12:03:09,Longos - Chicken Cordon Bleu,$81.63
2021-11-27 14:24:02,Cookie Choc,$7.58
2021-11-06 11:42:37,Potatoes - Mini White 3 Oz,$46.19
2021-11-08 14:51:49,Wine - Mondavi Coastal Private,$72.96
2021-11-18 19:52:42,Cotton Wet Mop 16 Oz,$33.54
2021-11-18 17:57:54,Beans - Black Bean Preserved,$77.88
2021-11-29 22:17:49,Oil - Grapeseed Oil,$95.11
2021-11-15 14:08:33,Sage - Fresh,$51.34
2021-11-21 11:51:27,Carbonated Water - Raspberry,$62.55
2021-11-25 08:44:48,Iced Tea Concentrate,$36.00
2021-11-22 07:47:46,Lettuce - Frisee,$39.82
2021-11-05 15:08:25,Wine - Blue Nun Qualitatswein,$32.44
2021-11-06 15:28:45,Marsala - Sperone Fine D.o.c.,$77.98
2021-11-01 15:10:57,Wine - Fontanafredda Barolo,$93.36
2021-11-24 22:33:21,Bagelers - Cinn / Brown,$39.65
2021-11-04 03:28:32,Iced Tea - Lemon 340ml,$73.14
2021-11-29 23:54:34,Beans - Black Bean Dry,$15.66
2021-11-14 09:21:44,Quiche Assorted,$52.40
2021-11-29 09:18:22,Beans - Fine,$27.41
2021-11-05 00:48:09,Wine - Beaujolais Villages,$38.09
2021-11-24 15:16:04,Bread - Roll Canadian Dinner,$32.72
2021-11-02 11:42:27,Barley - Pearl,$18.54
2021-11-14 19:15:19,Carbonated Water - White Grape,$37.65
2021-11-08 05:28:58,Pasta - Detalini White Fresh,$80.46
2021-11-01 19:29:43,Beef - Shank,$76.42
2021-11-24 09:09:45,Cheese - Sheep Milk,$33.16
2021-11-02 10:28:12,Beef - Tongue Fresh,$52.09
2021-11-26 08:22:24,Ginger - Fresh,$59.23
2021-11-11 05:41:23,Chips Potato All Dressed - 43g,$57.90
2021-11-16 00:43:07,Yeast Dry - Fermipan,$3.21
2021-11-04 14:47:34,Lid - 0090 Clear,$50.43
2021-11-13 19:15:10,Appetizer - Seafood Assortment,$31.90
2021-11-03 23:51:31,Soup Campbells - Tomato Bisque,$63.86
2021-11-16 09:03:54,Pie Shell - 9,$71.67
2021-11-09 19:57:39,Water Chestnut - Canned,$19.11
2021-11-10 02:46:14,Ocean Spray - Kiwi Strawberry,$98.29
2021-11-18 17:11:45,Beef - Shank,$76.70
2021-11-27 17:25:54,Tea - Mint,$95.66
2021-11-14 17:50:06,Duck - Legs,$16.35
2021-11-27 05:43:09,Beans - Fava Fresh,$9.88
2021-11-21 18:05:22,Sprouts - Pea,$75.44
2021-11-06 04:16:03,Beef Flat Iron Steak,$96.47
2021-11-15 07:01:37,Lemonade - Kiwi 591 Ml,$42.68
2021-11-07 19:18:44,Pepper Squash,$63.55
2021-11-10 13:01:46,Tomatoes - Vine Ripe Yellow,$70.16
2021-11-29 03:29:22,Crab Meat Claw Pasteurise,$74.55
2021-11-14 23:14:30,Beer - True North Strong Ale,$11.33
2021-11-24 04:35:59,Wine - Periguita Fonseca,$57.55
2021-11-02 18:01:20,Wine - Casablanca Valley,$87.38
2021-11-02 17:10:42,Asparagus - Green Fresh,$94.39
2021-11-08 12:38:19,Chinese Foods - Pepper Beef,$2.16
2021-11-06 10:56:07,Wine - Chenin Blanc K.w.v.,$85.75
2021-11-20 01:35:10,Pancetta,$73.67
2021-11-15 09:04:05,Scallops - In Shell,$99.03
2021-11-27 13:43:29,Appetizer - Chicken Satay,$24.28
2021-11-13 07:08:44,Plastic Wrap,$42.20
2021-11-22 11:20:05,Container - Foam Dixie 12 Oz,$17.13
2021-11-29 23:47:54,Wine - Tio Pepe Sherry Fino,$19.43
2021-11-06 03:04:34,Bread Crumbs - Panko,$43.08
2021-11-03 22:54:05,Sword Pick Asst,$87.11
2021-11-08 11:02:50,Lobster - Tail 6 Oz,$5.87
2021-11-02 17:47:30,Bread - Roll Canadian Dinner,$6.70
2021-11-17 14:08:51,Bread - Triangle White,$21.80
2021-11-20 17:09:39,Sole - Fillet,$80.00
2021-11-13 06:16:54,Pasta - Canelloni,$19.65
2021-11-13 01:59:33,Vinegar - Cider,$25.02
2021-11-04 01:00:28,Lettuce - Boston Bib - Organic,$29.04
2021-11-07 18:47:48,Marjoram - Dried Rubbed,$71.59
2021-11-01 02:06:10,Ice Cream - Chocolate,$58.44
2021-11-02 06:49:48,Scallops - In Shell,$22.02
2021-11-16 15:30:01,Cookies - Assorted,$33.98
2021-11-05 02:47:39,Wine - Puligny Montrachet A.,$63.41
2021-11-09 04:44:30,Buffalo - Tenderloin,$37.07
2021-11-24 21:05:12,Coffee Cup 16oz Foam,$55.95
2021-11-19 00:49:44,Wine - Fume Blanc Fetzer,$91.64
2021-11-14 02:04:21,Chutney Sauce,$3.97
2021-11-05 03:27:14,Buttons,$9.82
2021-11-13 12:56:31,Pasta - Fett Alfredo Single Serve,$1.93
2021-11-10 21:17:42,Spaghetti Squash,$47.84
2021-11-01 15:25:42,Longos - Lasagna Veg,$58.77
2021-11-20 20:30:50,Barley - Pearl,$11.60
2021-11-22 09:17:09,Jameson Irish Whiskey,$12.70
2021-11-14 16:50:30,Rum - Spiced Captain Morgan,$25.12
2021-11-03 21:10:21,Lamb - Racks Frenched,$23.45
2021-11-25 16:55:54,Eggplant Oriental,$27.78
2021-11-16 20:26:23,Pasta - Penne Rigate Dry,$13.37
2021-11-01 02:39:17,Wine - Two Oceans Cabernet,$62.44
2021-11-18 14:21:46,Bread Base - Italian,$87.57
2021-11-26 06:45:34,Soup - Campbells Spinach Crm,$26.49
2021-11-26 20:46:26,Lettuce - Boston Bib,$24.82
2021-11-26 21:39:27,Buffalo - Tenderloin,$12.66
2021-11-15 15:02:16,Onions - Dried Chopped,$41.34
2021-11-21 01:20:00,Iced Tea Concentrate,$60.45
2021-11-25 08:23:33,Wine - Cahors Ac 2000 Clos,$94.86
2021-11-29 10:01:40,Bread - Pain Au Liat X12,$56.31
2021-11-16 20:36:43,Lettuce - Frisee,$4.29
2021-11-09 01:36:15,Durian Fruit,$62.73
2021-11-01 07:24:49,Duck - Whole,$55.80
2021-11-12 23:22:46,Tea - Herbal Sweet Dreams,$20.78
2021-11-27 15:53:43,Mushroom - Porcini Dry,$30.38
2021-11-04 06:14:46,Corn Kernels - Frozen,$96.06
2021-11-19 16:56:29,Isomalt,$39.93
2021-11-17 21:28:47,Smoked Paprika,$41.27
2021-11-15 16:16:54,Plastic Wrap,$53.97
2021-11-18 05:14:47,Wine - Barolo Fontanafredda,$90.69
2021-11-15 16:50:29,Lettuce - Boston Bib - Organic,$44.21
2021-11-25 13:29:58,Cheese - Shred Cheddar / Mozza,$33.22
2021-11-16 06:25:34,Pasta - Angel Hair,$36.35
2021-11-16 19:36:05,Initation Crab Meat,$12.51
2021-11-14 14:21:41,Quinoa,$59.79
2021-11-26 12:27:56,Beef - Tenderloin - Aa,$51.22
2021-11-02 19:54:34,Triple Sec - Mcguinness,$61.36
2021-11-04 13:50:34,Beef - Short Loin,$80.11
2021-11-09 08:49:02,Stock - Beef White,$44.55
2021-11-26 22:33:26,Sausage - Meat,$24.09
2021-11-27 04:39:45,Breadfruit,$35.18
2021-11-08 18:12:14,Okra,$81.91
2021-11-12 06:18:29,Pork - Chop Frenched,$98.71
2021-11-10 06:06:23,Sprouts - Baby Pea Tendrils,$29.59
2021-11-07 13:19:41,Cheese - Marble,$48.45
2021-11-08 20:51:04,Island Oasis - Peach Daiquiri,$19.94
2021-11-11 21:57:03,Wine - White Chardonnay,$96.57
2021-11-02 15:18:56,Cheese - Provolone,$48.54
2021-11-06 02:18:00,Appetiser - Bought,$26.94
2021-11-27 16:54:06,Wine - Dubouef Macon - Villages,$94.00
2021-11-17 15:12:18,Sobe - Tropical Energy,$91.46
2021-11-20 13:10:30,Russian Prince,$86.04
2021-11-07 21:46:49,Pork - Chop Frenched,$30.96
2021-11-04 10:29:21,Wine - Dubouef Macon - Villages,$95.08
2021-11-22 23:08:38,Sausage - Andouille,$72.41
2021-11-17 04:53:15,Veal - Leg,$89.37
2021-11-16 22:54:48,Napkin Colour,$4.01
2021-11-09 13:56:02,Table Cloth 53x53 White,$29.87
2021-11-03 22:32:06,Salmon - Atlantic Skin On,$8.63
2021-11-29 02:39:12,Pork Casing,$15.46
2021-11-12 14:09:09,Milk - 2%,$19.46
2021-11-16 21:31:56,Chips - Miss Vickies,$86.04
2021-11-18 13:28:25,Cheese - Goat,$64.47
2021-11-15 05:20:56,Capicola - Hot,$28.67
2021-11-19 14:31:17,Food Colouring - Blue,$58.57
2021-11-26 03:51:21,Beer - Steamwhistle,$62.20
2021-11-09 19:53:07,Wine - Red Cabernet Merlot,$15.40
2021-11-22 08:52:49,Tomato Paste,$54.45
2021-11-15 15:41:33,Tea - Black Currant,$17.76
2021-11-03 00:05:26,Pie Shell - 9,$24.98
2021-11-24 15:59:54,Cloves - Whole,$8.20
2021-11-23 08:22:11,Pork - Loin Boneless,$66.80
2021-11-26 05:26:09,Oil - Coconut,$69.15
2021-11-19 02:00:51,Plate - Foam Bread And Butter,$30.83
2021-11-15 19:19:49,Onions - Green,$79.12
2021-11-13 19:41:12,Tomato - Green,$64.53
2021-11-29 19:53:04,Steam Pan - Half Size Deep,$80.08
2021-11-04 14:09:24,Cake Circle Paprus,$30.96
2021-11-23 01:20:41,Extract - Vanillaartificial,$13.87
2021-11-23 17:05:20,Soup - Knorr Country Bean,$81.88
2021-11-22 09:02:36,Muskox - French Rack,$75.17
2021-11-12 23:23:55,Carrots - Jumbo,$39.02
2021-11-09 09:31:35,Pimento - Canned,$38.58
2021-11-18 05:24:39,Pastry - Banana Muffin - Mini,$9.74
2021-11-02 18:17:39,Kumquat,$31.13
2021-11-24 18:33:34,Syrup - Monin Amaretta,$33.44
2021-11-27 20:36:59,Bread - White Unsliced,$76.80
2021-11-02 09:00:21,Wine - Pinot Noir Latour,$35.95
2021-11-22 08:57:32,Lady Fingers,$9.08
2021-11-24 15:27:12,Dehydrated Kelp Kombo,$89.90
2021-11-15 01:16:23,Flower - Dish Garden,$52.48
2021-11-16 08:31:09,Crawfish,$52.47
2021-11-12 11:47:26,Aspic - Clear,$30.89
2021-11-11 09:18:56,Beets,$93.51
2021-11-24 09:54:23,Beef - Ground Lean Fresh,$32.64
2021-11-04 01:47:20,Energy Drink Red Bull,$73.21
2021-11-08 22:25:19,Juice - Ocean Spray Cranberry,$95.41
2021-11-02 03:47:29,Turnip - Mini,$33.31
2021-11-20 15:12:00,Beans - Kidney White,$91.31
2021-11-06 02:54:30,Bamboo Shoots - Sliced,$59.81
2021-11-16 22:39:20,White Baguette,$89.75
2021-11-10 08:20:33,Pork - Smoked Back Bacon,$71.59
2021-11-02 12:49:35,Pickles - Gherkins,$58.37
2021-11-05 08:26:35,Bacon Strip Precooked,$28.64
2021-11-03 08:10:54,The Pop Shoppe - Root Beer,$95.82
2021-11-04 09:16:52,Nut - Pistachio Shelled,$80.46
2021-11-10 07:49:00,Wine - Pinot Grigio Collavini,$24.80
2021-11-10 13:57:45,Guinea Fowl,$49.96
2021-11-19 05:20:36,Sauce - Soy Low Sodium - 3.87l,$95.76
2021-11-29 11:48:57,Fish - Atlantic Salmon Cold,$77.32
2021-11-19 12:21:18,Wine - Lamancha Do Crianza,$22.74
2021-11-18 04:40:36,Cream - 35%,$76.80
2021-11-10 02:28:24,Pepper - Green Thai,$58.67
2021-11-05 23:25:23,Nestea - Iced Tea,$89.33
2021-11-07 07:49:19,Nantucket Orange Juice,$20.82
2021-11-20 07:36:37,Hold Up Tool Storage Rack,$99.65
2021-11-13 23:25:53,Bread - French Baquette,$85.99
2021-11-08 15:06:29,Lamb - Whole Head Off,$49.36
2021-11-28 06:14:54,Wine - Tribal Sauvignon,$26.18
2021-11-26 19:16:24,Pastry - Banana Tea Loaf,$88.61
2021-11-04 19:10:50,Pasta - Cheese / Spinach Bauletti,$29.13
2021-11-02 16:25:45,Spice - Paprika,$27.97
2021-11-12 00:37:26,Tomatoes Tear Drop Yellow,$93.56
2021-11-14 22:40:34,Energy Drink - Franks Pineapple,$49.08
2021-11-12 08:24:51,Beef - Kindney Whole,$53.14
2021-11-06 13:27:15,Emulsifier,$73.82
2021-11-08 00:50:55,Wine - Red Pinot Noir Chateau,$78.47
2021-11-03 13:10:54,Beef - Kindney Whole,$73.47
2021-11-16 08:52:34,Alize Gold Passion,$4.81
2021-11-04 17:35:09,Milk Powder,$45.67
2021-11-08 20:25:23,Baking Soda,$70.03
2021-11-01 05:30:45,Shrimp - 100 / 200 Cold Water,$76.48
2021-11-06 20:34:48,Beef - Prime Rib Aaa,$66.07
2021-11-05 23:51:07,Butter Ripple - Phillips,$50.13
2021-11-28 11:24:10,Tea - Herbal I Love Lemon,$99.70
2021-11-14 14:56:58,Nestea - Iced Tea,$88.79
2021-11-13 06:55:17,Wine - Valpolicella Masi,$86.27
2021-11-29 11:00:36,Capicola - Hot,$17.45
2021-11-07 00:07:46,Mushroom - Portebello,$48.99
2021-11-11 02:20:51,Sea Urchin,$91.28
2021-11-19 01:32:54,Scallops - Live In Shell,$69.67
2021-11-20 18:43:14,Shrimp - 21/25 Peel And Deviened,$10.32
2021-11-26 21:59:16,Nut - Pine Nuts Whole,$50.04
2021-11-24 17:55:19,Stainless Steel Cleaner Vision,$1.77
2021-11-13 21:42:53,Trout - Rainbow Fresh,$15.08
2021-11-17 02:55:26,Onions - Red Pearl,$99.47
2021-11-28 16:23:05,Bread - Pumpernickel,$6.94
2021-11-14 20:14:55,Coffee - Irish Cream,$75.77
2021-11-07 02:07:44,Container - Clear 32 Oz,$90.02
2021-11-27 09:43:07,Barramundi,$78.51
2021-11-06 00:44:46,Wiberg Super Cure,$73.09
2021-11-28 23:28:35,Wooden Mop Handle,$35.82
2021-11-17 13:53:03,Veal - Ground,$22.78
2021-11-10 08:38:43,Tofu - Soft,$55.18
2021-11-29 06:40:19,Chives - Fresh,$80.58
2021-11-03 05:42:21,Shrimp - Baby Warm Water,$16.16
2021-11-14 03:27:29,Cheese - Swiss,$16.30
2021-11-09 09:39:54,Paper Cocktail Umberlla 80 - 180,$42.24
2021-11-08 03:23:24,Crab - Back Fin Meat Canned,$76.57
2021-11-04 19:23:13,Parsley - Dried,$96.05
2021-11-13 01:37:52,Wine - Savigny - Les - Beaune,$83.84
2021-11-20 04:14:43,Sauce - Hp,$72.84
2021-11-26 23:45:05,Pasta - Lasagne Fresh,$8.03
2021-11-03 07:42:05,Guava,$58.43
2021-11-08 08:43:32,Lamb Rack Frenched Australian,$79.50
2021-11-27 13:41:02,Cookies Oatmeal Raisin,$29.85
2021-11-22 02:59:04,Grand Marnier,$49.24
2021-11-12 16:22:24,Pastry - Cheese Baked Scones,$71.11
2021-11-04 07:35:46,Wine - Red Pelee Island Merlot,$5.97
2021-11-13 13:13:40,Celery,$34.72
2021-11-26 20:44:02,Cream Of Tartar,$71.59
2021-11-17 01:56:42,Smoked Paprika,$49.44
2021-11-10 21:23:34,Mushroom - Portebello,$40.16
2021-11-16 03:18:21,Salmon - Whole 4 - 6 Pounds,$84.48
2021-11-29 08:48:16,Bowl 12 Oz - Showcase 92012,$44.50
2021-11-06 22:44:44,Croissants Thaw And Serve,$45.13
2021-11-16 14:46:11,Sachet,$54.31
2021-11-04 03:57:52,Food Colouring - Blue,$50.34
2021-11-14 18:15:44,Pop - Club Soda Can,$73.04
2021-11-11 10:27:15,Campari,$50.05
2021-11-22 16:40:37,Lettuce - Romaine,$42.43
2021-11-15 20:47:38,Soup Campbells Mexicali Tortilla,$11.61
2021-11-07 08:56:20,Pastry - Baked Scones - Mini,$81.93
2021-11-19 23:25:40,Cookies - Englishbay Wht,$53.46
2021-11-25 13:17:01,Skewers - Bamboo,$96.26
2021-11-16 11:28:46,Cheese - Gorgonzola,$14.92
2021-11-19 09:47:21,Chicken - Leg Boneless,$60.20
2021-11-12 05:53:53,Foam Dinner Plate,$91.35
2021-11-16 06:59:27,Squid - U - 10 Thailand,$1.49
2021-11-22 21:44:13,Juice - Cranberry 341 Ml,$39.64
2021-11-14 05:27:54,Arizona - Plum Green Tea,$24.84
2021-11-04 16:47:10,Stock - Veal Brown,$20.23
2021-11-22 08:26:27,Turkey - Breast Bone - In,$84.00
2021-11-24 11:07:35,Pepper - Red Thai,$61.32
2021-11-03 17:57:33,Rice - Jasmine Sented,$43.37
2021-11-17 12:46:04,Milk 2% 500 Ml,$40.89
2021-11-18 18:59:59,Wine - Ej Gallo Sonoma,$58.68
2021-11-18 19:06:22,Egg - Salad Premix,$54.88
2021-11-21 12:11:16,Garlic - Primerba Paste,$20.97
2021-11-22 09:01:33,Container - Clear 16 Oz,$82.04
2021-11-12 20:27:53,Basil - Seedlings Cookstown,$19.91
2021-11-09 01:54:56,Napkin - Beverage 1 Ply,$90.14
2021-11-24 07:57:28,Steam Pan - Half Size Deep,$2.53
2021-11-20 14:28:03,Wine - Sauvignon Blanc,$42.80
2021-11-15 03:05:19,Flower - Commercial Bronze,$74.53
2021-11-20 18:02:40,Beef - Ground Lean Fresh,$86.77
2021-11-23 00:47:09,Sauerkraut,$57.31
2021-11-16 14:58:01,Pan Grease,$72.10
2021-11-26 16:09:23,Soda Water - Club Soda 355 Ml,$32.04
2021-11-06 22:44:13,Pie Filling - Apple,$19.50
2021-11-25 09:12:09,Cheese - Bocconcini,$68.95
2021-11-27 01:21:15,Sandwich Wrap,$65.16
2021-11-11 20:36:52,Sauce - Caesar Dressing,$10.13
2021-11-10 13:47:29,Sesame Seed Black,$47.96
2021-11-27 23:05:18,Soup - Canadian Pea Dry Mix,$82.21
2021-11-28 20:59:45,Flounder - Fresh,$79.83
2021-11-10 09:39:35,Spice - Onion Powder Granulated,$53.43
2021-11-02 08:55:53,Buffalo - Tenderloin,$34.96
2021-11-15 17:50:22,Soap - Mr.clean Floor Soap,$41.71
2021-11-14 15:29:50,Chilli Paste Sambal Oelek,$95.19
2021-11-21 18:48:19,Carbonated Water - Peach,$26.70
2021-11-14 10:28:44,Lamb - Bones,$84.66
2021-11-19 23:38:51,Beef - Ox Tail Frozen,$67.32
2021-11-04 23:16:11,Mangostein,$89.80
2021-11-18 09:35:33,Ecolab - Balanced Fusion,$55.97
2021-11-29 14:47:37,Ham - Procutinni,$9.49
2021-11-03 02:26:43,Veal - Bones,$58.58
2021-11-04 18:51:32,Sloe Gin - Mcguinness,$80.17
2021-11-10 13:24:36,Orange - Tangerine,$69.36
2021-11-14 21:30:59,Beer - Blue Light,$75.11
2021-11-10 15:44:21,Barramundi,$34.22
2021-11-19 02:20:45,Breakfast Quesadillas,$17.42
2021-11-01 14:57:08,Lychee,$1.43
2021-11-21 12:22:55,Tea - Decaf 1 Cup,$53.11
2021-11-06 10:56:07,Rice - Long Grain,$15.76
2021-11-27 14:13:07,Pepper - Orange,$0.89
2021-11-18 10:23:01,Pickle - Dill,$40.30
2021-11-26 23:11:32,Tart Shells - Barquettes Savory,$88.37
2021-11-13 10:10:04,Scampi Tail,$61.12
2021-11-02 21:51:33,Compound - Strawberry,$15.46
2021-11-23 14:06:35,Doilies - 8 Paper,$69.73
2021-11-19 18:25:06,Tea - Honey Green Tea,$17.85
2021-11-27 14:45:36,Wine - Domaine Boyar Royal,$47.35
2021-11-02 11:37:31,Lid - 0090 Clear,$5.34
2021-11-01 22:45:28,Oneshot Automatic Soap System,$41.17
2021-11-04 00:33:49,Sorrel - Fresh,$31.75
2021-11-03 00:28:29,Nut - Walnut Pieces,$75.00
2021-11-15 12:50:20,Pancetta,$21.51
2021-11-29 22:29:00,Wine - Taylors Reserve,$2.33
2021-11-08 17:43:04,Onions - Pearl,$26.75
2021-11-08 16:26:26,Lamb - Whole Head Off,$97.30
2021-11-23 22:04:45,Lamb - Rack,$44.53
2021-11-29 21:23:52,Beans - Butter Lrg Lima,$49.00
2021-11-15 19:13:03,Garlic - Primerba Paste,$61.81
2021-11-27 06:04:24,Oil - Safflower,$51.48
2021-11-03 17:01:03,Towels - Paper / Kraft,$55.17
2021-11-21 21:31:34,Tea - Earl Grey,$0.04
2021-11-14 11:52:40,Garbag Bags - Black,$79.06
2021-11-07 03:14:27,Cheese - Swiss,$52.12
2021-11-02 14:29:05,Cheese - Briedanish,$80.71
2021-11-08 20:35:15,Calypso - Pineapple Passion,$19.69
2021-11-03 13:02:37,Carrots - Mini Red Organic,$72.34
2021-11-13 23:43:22,Pumpkin,$32.87
2021-11-20 16:54:19,Juice Peach Nectar,$98.95
2021-11-18 00:35:52,Flour - Masa De Harina Mexican,$74.11
2021-11-26 03:05:25,Beef - Striploin Aa,$63.28
2021-11-08 21:41:59,Wine - Zinfandel California 2002,$89.97
2021-11-11 14:00:41,Pears - Anjou,$90.73
2021-11-08 20:19:23,Vermouth - White Cinzano,$5.93
2021-11-22 08:44:58,Wine - White Ej,$31.41
2021-11-13 14:13:27,Sardines,$55.83
2021-11-23 13:42:34,Alize Red Passion,$86.66
2021-11-28 23:04:38,Loquat,$78.07
2021-11-24 07:09:36,Vodka - Smirnoff,$67.46
2021-11-19 18:14:47,Bacardi Mojito,$75.77
2021-11-21 13:56:25,Langers - Mango Nectar,$60.86
2021-11-06 19:44:12,Tandoori Curry Paste,$85.65
2021-11-07 10:14:27,Cheese - Stilton,$9.58
2021-11-25 04:10:26,Longos - Lasagna Beef,$16.17
2021-11-11 09:30:45,Basil - Fresh,$79.54
2021-11-03 01:10:32,Peas - Frozen,$56.67
2021-11-15 22:34:34,Maple Syrup,$5.80
2021-11-24 13:31:58,Veal - Tenderloin Untrimmed,$77.38
2021-11-10 00:39:02,Beets - Candy Cane Organic,$82.57
2021-11-24 02:57:00,Pail - 4l White With Handle,$81.75
2021-11-01 05:17:39,Baking Soda,$14.63
2021-11-15 02:36:19,Cabbage - Savoy,$73.19
2021-11-11 22:12:54,Cookies - Amaretto,$28.35
2021-11-24 05:18:27,Artichokes - Jerusalem,$31.69
2021-11-12 06:07:07,Lettuce - Mini Greens Whole,$36.97
2021-11-10 18:17:39,Flour - Pastry,$95.76
2021-11-01 00:01:49,Cup - 6oz Foam,$54.95
2021-11-29 14:31:14,Crab - Meat,$36.31
2021-11-14 13:16:23,Dates,$41.42
2021-11-16 10:27:47,Soup - Campbells Classic Chix,$0.82
2021-11-15 13:14:45,Lettuce Romaine Chopped,$52.14
2021-11-09 06:43:43,Pasta - Orecchiette,$1.89
2021-11-29 00:15:00,Nut - Pine Nuts Whole,$59.44
2021-11-13 08:01:20,Fudge - Chocolate Fudge,$66.11
2021-11-02 00:52:35,Pastry - Carrot Muffin - Mini,$53.14
2021-11-10 20:27:50,Myers Planters Punch,$11.89
2021-11-27 08:03:00,Pork - Caul Fat,$60.22
2021-11-26 15:16:44,Lychee - Canned,$20.91
2021-11-27 01:57:18,Mace Ground,$84.38
2021-11-25 15:45:12,Pineapple - Regular,$38.30
2021-11-29 18:23:21,Gloves - Goldtouch Disposable,$33.62
2021-11-07 06:54:37,Schnappes - Peach Walkers,$85.89
2021-11-03 06:14:19,Mustard - Dijon,$76.13
2021-11-24 04:01:42,Food Colouring - Pink,$6.95
2021-11-04 00:05:03,Plasticknivesblack,$23.41
2021-11-13 17:07:44,Wine - Placido Pinot Grigo,$8.54
2021-11-09 07:43:06,General Purpose Trigger,$84.22
2021-11-28 02:19:09,Mace,$52.71
2021-11-04 04:24:22,Smoked Tongue,$68.80
2021-11-29 04:40:30,Rice - Basmati,$28.50
2021-11-10 21:14:47,Lotus Rootlets - Canned,$84.36
2021-11-21 04:03:28,Juice - Grapefruit 341 Ml,$27.82
2021-11-05 03:48:33,Snails - Large Canned,$34.97